Workbook

Sheet raw data
A1: Date | B1: Open | C1: High | D1: Low | E1: Close | F1: Adj Close | G1: Volume | J1: Date | K1: Open | L1: High | M1: Low | N1: Close | O1: Adj Close | P1: Volume | S1: Date | T1: Open | U1: High | V1: Low | W1: Close | X1: Adj Close | Y1: Volume
A2: 46091 | B2: 6796.56 | C2: 6845.08 | D2: 6759.74 | E2: 6781.48 | F2: 6781.48 | G2: 3146682000 | J2: 46091 | K2: 119.49 | L2: 122.47 | M2: 118.57 | N2: 120.74 | O2: 120.74 | P2: 4390116 | S2: 46091 | T2: 124.21 | U2: 126.1 | V2: 123.35 | W2: 125.12 | X2: 125.12 | Y2: 18749829
A3: 46090 | B3: 6699.8 | C3: 6810.44 | D3: 6636.04 | E3: 6795.99 | F3: 6795.99 | G3: 6709410000 | J3: 46090 | K3: 118.66 | L3: 120.16 | M3: 115.75 | N3: 120.14 | O3: 120.14 | P3: 6005500 | S3: 46090 | T3: 123.69 | U3: 124.51 | V3: 122.5 | W3: 124.34 | X3: 124.34 | Y3: 19375900
A4: 46083 | B4: 6824.36 | C4: 6901.01 | D4: 6710.42 | E4: 6740.02 | F4: 6740.02 | G4: 29555750000 | J4: 46083 | K4: 111.84 | L4: 126 | M4: 111.25 | N4: 120.79 | O4: 120.79 | P4: 44599500 | S4: 46083 | T4: 127.46 | U4: 128.75 | V4: 121.62 | W4: 123.8 | X4: 123.8 | Y4: 100163900
A5: 46076 | B5: 6901.25 | C5: 6952.51 | D5: 6815.43 | E5: 6878.88 | F5: 6878.88 | G5: 28787710000 | J5: 46076 | K5: 116.08 | L5: 118.7 | M5: 111.11 | N5: 113.79 | O5: 113.79 | P5: 29771800 | S5: 46076 | T5: 123.52 | U5: 128.6 | V5: 122.96 | W5: 127.95 | X5: 127.95 | Y5: 111013500
A6: 46069 | B6: 6819.86 | C6: 6915.86 | D6: 6775.5 | E6: 6909.51 | F6: 6909.51 | G6: 21100810000 | J6: 46069 | K6: 116.9 | L6: 118.98 | M6: 114.19 | N6: 116.69 | O6: 116.69 | P6: 21784400 | S6: 46069 | T6: 133.11 | U6: 134.69 | V6: 121.05 | W6: 122.99 | X6: 122.99 | Y6: 152625200
A7: 46062 | B7: 6917.26 | C7: 6993.48 | D7: 6794.55 | E7: 6836.17 | F7: 6836.17 | G7: 30258780000 | J7: 46062 | K7: 115.27 | L7: 117.17 | M7: 111.86 | N7: 115.76 | O7: 114.59 | P7: 28260200 | S7: 46062 | T7: 131.42 | U7: 134.65 | V7: 126.39 | W7: 133.89 | X7: 133.89 | Y7: 128605300
A8: 46055 | B8: 6916.64 | C8: 6993.08 | D8: 6780.13 | E8: 6932.3 | F8: 6932.3 | G8: 33538260000 | J8: 46055 | K8: 104.93 | L8: 115.82 | M8: 103.68 | N8: 115.55 | O8: 114.39 | P8: 42637100 | S8: 46055 | T8: 119.5 | U8: 131.7 | V8: 119.05 | W8: 131.18 | X8: 131.18 | Y8: 147871800
A9: 46048 | B9: 6923.23 | C9: 7002.28 | D9: 6870.8 | E9: 6939.03 | F9: 6939.03 | G9: 29382560000 | J9: 46048 | K9: 108.03 | L9: 108.49 | M9: 100.88 | N9: 105.47 | O9: 104.41 | P9: 28130100 | S9: 46048 | T9: 117.81 | U9: 119.41 | V9: 115.48 | W9: 119.14 | X9: 119.14 | Y9: 97459300
A10: 46041 | B10: 6865.24 | C10: 6934.75 | D10: 6789.05 | E10: 6915.61 | F10: 6915.61 | G10: 21784530000 | J10: 46041 | K10: 110.02 | L10: 110.66 | M10: 104.8 | N10: 108.1 | O10: 107.01 | P10: 25602300 | S10: 46041 | T10: 120.89 | U10: 121.62 | V10: 117.14 | W10: 117.73 | X10: 117.73 | Y10: 125499900
A11: 46034 | B11: 6944.12 | C11: 6986.33 | D11: 6885.74 | E11: 6940.01 | F11: 6940.01 | G11: 26112200000 | J11: 46034 | K11: 105.58 | L11: 111.86 | M11: 103.16 | N11: 111.28 | O11: 110.16 | P11: 30602300 | S11: 46034 | T11: 117.5 | U11: 121.24 | V11: 116.41 | W11: 119.7 | X11: 119.7 | Y11: 562872200
A12: 46027 | B12: 6892.19 | C12: 6978.36 | D12: 6891.56 | E12: 6966.28 | F12: 6966.28 | G12: 26993190000 | J12: 46027 | K12: 100.4 | L12: 108.64 | M12: 99.9 | N12: 105.52 | O12: 104.46 | P12: 34866200 | S12: 46027 | T12: 112.82 | U12: 115.46 | V12: 109.81 | W12: 114.53 | X12: 114.53 | Y12: 108945600
A13: 46020 | B13: 6903.6 | C13: 6920.21 | D13: 6824.31 | E13: 6858.47 | F13: 6858.47 | G13: 14297630000 | J13: 46020 | K13: 99.46 | L13: 101 | M13: 97.06 | N13: 100.51 | O13: 99.5 | P13: 23878400 | S13: 46020 | T13: 111.59 | U13: 112.79 | V13: 111.12 | W13: 112.76 | X13: 112.76 | Y13: 50504200
... A55: 45726 | B55: 5705.37 | C55: 5705.37 | D55: 5504.65 | E55: 5638.94 | F55: 5638.94 | G55: 27732600000 | J55: 45726 | K55: 114.69 | L55: 115.63 | M55: 103.46 | N55: 104.7 | O55: 100.11 | P55: 44104200 | S55: 45726 | T55: 89.76 | U55: 90.23 | V55: 83.87 | W55: 85.35 | X55: 84.54 | Y55: 164146400
J57: NYSE - Nasdaq Real Time Price•USD
A58: SNP - Delayed Quote•USD | J58: Target Corporation (TGT)
A59: S&P 500 (^GSPC) | J59: 120.74+0.60(+0.50%) | S59: NasdaqGS - Nasdaq Real Time Price•USD
A60: 6,781.48-14.51(-0.21%) | J60: At close: 4:00:02 PM EDT | S60: Walmart Inc. (WMT)
A61: At close: 4:31:36 PM EDT | J61: 120.85+0.11(+0.09%) | S61: 125.12+0.78(+0.63%)
J62: After hours: 5:31:22 PM EDT | S62: At close: 4:00:01 PM EDT
S63: 125.04-0.08(-0.06%)

Sheet Return prepared data
A1: Date | B1: Target Corporation (TGT) | C1: Walmart Inc. (WMT) | D1: S&P 500 | F1: Weekly Return For TGT | G1: Weekly Return For WMT | H1: GSPC | J1: Weekly Return For TGT | K1: Weekly Return For WMT | L1: GSPC
A2: 46091 | B2: =VLOOKUP(A2,'raw data'!J:P,6,0) -> 120.74 | C2: =VLOOKUP(A2,'raw data'!S:Y,6,0) -> 125.12 | D2: =VLOOKUP(A2,'raw data'!A:G,6,0) -> 6781.48 | F2: =B2/B3-1 -> 0.0049941735 | G2: =C2/C3-1 -> 0.0062731221 | H2: =D2/D3-1 -> -0.0021350826 | J2: =LN(B2/B3) -> 0.0049817439 | K2: =LN(C2/C3) -> 0.006253528 | L2: =LN(D2/D3) -> -0.0021373651
A3: 46090 | B3: =VLOOKUP(A3,'raw data'!J:P,6,0) -> 120.14 | C3: =VLOOKUP(A3,'raw data'!S:Y,6,0) -> 124.34 | D3: =VLOOKUP(A3,'raw data'!A:G,6,0) -> 6795.99 | F3: =B3/B4-1 -> -0.0053812402 | G3: =C3/C4-1 -> 0.004361874 | H3: =D3/D4-1 -> 0.0083041297 | J3: =LN(B3/B4) -> -0.0053957712 | K3: =LN(C3/C4) -> 0.0043523886 | L3: =LN(D3/D4) -> 0.0082698401
A4: 46083 | B4: =VLOOKUP(A4,'raw data'!J:P,6,0) -> 120.79 | C4: =VLOOKUP(A4,'raw data'!S:Y,6,0) -> 123.8 | D4: =VLOOKUP(A4,'raw data'!A:G,6,0) -> 6740.02 | F4: =B4/B5-1 -> 0.061516829 | G4: =C4/C5-1 -> -0.032434545 | H4: =D4/D5-1 -> -0.020186426 | J4: =LN(B4/B5) -> 0.059698856 | K4: =LN(C4/C5) -> -0.032972202 | L4: =LN(D4/D5) -> -0.020392956
A5: 46076 | B5: =VLOOKUP(A5,'raw data'!J:P,6,0) -> 113.79 | C5: =VLOOKUP(A5,'raw data'!S:Y,6,0) -> 127.95 | D5: =VLOOKUP(A5,'raw data'!A:G,6,0) -> 6878.88 | F5: =B5/B6-1 -> -0.024852172 | G5: =C5/C6-1 -> 0.040328482 | H5: =D5/D6-1 -> -0.0044330206 | J5: =LN(B5/B6) -> -0.025166201 | K5: =LN(C5/C6) -> 0.039536511 | L5: =LN(D5/D6) -> -0.0044428755
A6: 46069 | B6: =VLOOKUP(A6,'raw data'!J:P,6,0) -> 116.69 | C6: =VLOOKUP(A6,'raw data'!S:Y,6,0) -> 122.99 | D6: =VLOOKUP(A6,'raw data'!A:G,6,0) -> 6909.51 | F6: =B6/B7-1 -> 0.018326206 | G6: =C6/C7-1 -> -0.081410113 | H6: =D6/D7-1 -> 0.010728229 | J6: =LN(B6/B7) -> 0.018160305 | K6: =LN(C6/C7) -> -0.084915516 | L6: =LN(D6/D7) -> 0.01067109
A7: 46062 | B7: =VLOOKUP(A7,'raw data'!J:P,6,0) -> 114.59 | C7: =VLOOKUP(A7,'raw data'!S:Y,6,0) -> 133.89 | D7: =VLOOKUP(A7,'raw data'!A:G,6,0) -> 6836.17 | F7: =B7/B8-1 -> 0.0017484046 | G7: =C7/C8-1 -> 0.020658637 | H7: =D7/D8-1 -> -0.013866971 | J7: =LN(B7/B8) -> 0.0017468779 | K7: =LN(C7/C8) -> 0.020448141 | L7: =LN(D7/D8) -> -0.013964015
A8: 46055 | B8: =VLOOKUP(A8,'raw data'!J:P,6,0) -> 114.39 | C8: =VLOOKUP(A8,'raw data'!S:Y,6,0) -> 131.18 | D8: =VLOOKUP(A8,'raw data'!A:G,6,0) -> 6932.3 | F8: =B8/B9-1 -> 0.095584714 | G8: =C8/C9-1 -> 0.10105758 | H8: =D8/D9-1 -> -0.00096987619 | J8: =LN(B8/B9) -> 0.091288206 | K8: =LN(C8/C9) -> 0.096271154 | L8: =LN(D8/D9) -> -0.00097034683
A9: 46048 | B9: =VLOOKUP(A9,'raw data'!J:P,6,0) -> 104.41 | C9: =VLOOKUP(A9,'raw data'!S:Y,6,0) -> 119.14 | D9: =VLOOKUP(A9,'raw data'!A:G,6,0) -> 6939.03 | F9: =B9/B10-1 -> -0.024296795 | G9: =C9/C10-1 -> 0.011976557 | H9: =D9/D10-1 -> 0.0033865415 | J9: =LN(B9/B10) -> -0.024596832 | K9: =LN(C9/C10) -> 0.011905405 | L9: =LN(D9/D10) -> 0.00338082
A10: 46041 | B10: =VLOOKUP(A10,'raw data'!J:P,6,0) -> 107.01 | C10: =VLOOKUP(A10,'raw data'!S:Y,6,0) -> 117.73 | D10: =VLOOKUP(A10,'raw data'!A:G,6,0) -> 6915.61 | F10: =B10/B11-1 -> -0.028594771 | G10: =C10/C11-1 -> -0.016457811 | H10: =D10/D11-1 -> -0.0035158451 | J10: =LN(B10/B11) -> -0.029011566 | K10: =LN(C10/C11) -> -0.016594745 | L10: =LN(D10/D11) -> -0.0035220402
A11: 46034 | B11: =VLOOKUP(A11,'raw data'!J:P,6,0) -> 110.16 | C11: =VLOOKUP(A11,'raw data'!S:Y,6,0) -> 119.7 | D11: =VLOOKUP(A11,'raw data'!A:G,6,0) -> 6940.01 | F11: =B11/B12-1 -> 0.054566341 | G11: =C11/C12-1 -> 0.045141011 | H11: =D11/D12-1 -> -0.0037710227 | J11: =LN(B11/B12) -> 0.053129631 | K11: =LN(C11/C12) -> 0.044151815 | L11: =LN(D11/D12) -> -0.0037781509
A12: 46027 | B12: =VLOOKUP(A12,'raw data'!J:P,6,0) -> 104.46 | C12: =VLOOKUP(A12,'raw data'!S:Y,6,0) -> 114.53 | D12: =VLOOKUP(A12,'raw data'!A:G,6,0) -> 6966.28 | F12: =B12/B13-1 -> 0.049849246 | G12: =C12/C13-1 -> 0.015697056 | H12: =D12/D13-1 -> 0.015719249 | J12: =LN(B12/B13) -> 0.048646579 | K12: =LN(C12/C13) -> 0.015575131 | L12: =LN(D12/D13) -> 0.015596982
A13: 46020 | B13: =VLOOKUP(A13,'raw data'!J:P,6,0) -> 99.5 | C13: =VLOOKUP(A13,'raw data'!S:Y,6,0) -> 112.76 | D13: =VLOOKUP(A13,'raw data'!A:G,6,0) -> 6858.47 | F13: =B13/B14-1 -> 0.0096397768 | G13: =C13/C14-1 -> 0.0091283336 | H13: =D13/D14-1 -> -0.010313221 | J13: =LN(B13/B14) -> 0.0095936106 | K13: =LN(C13/C14) -> 0.0090869222 | L13: =LN(D13/D14) -> -0.01036677
... A54: 45733 | B54: =VLOOKUP(A54,'raw data'!J:P,6,0) -> 99.5 | C54: =VLOOKUP(A54,'raw data'!S:Y,6,0) -> 85.16 | D54: =VLOOKUP(A54,'raw data'!A:G,6,0) -> 5667.56 | F54: =B54/B55-1 -> -0.0060932974 | G54: =C54/C55-1 -> 0.0073338065 | H54: =D54/D55-1 -> 0.005075422 | J54: =LN(B54/B55) -> -0.0061119373 | K54: =LN(C54/C55) -> 0.0073070449 | L54: =LN(D54/D55) -> 0.0050625854
A55: 45726 | B55: =VLOOKUP(A55,'raw data'!J:P,6,0) -> 100.11 | C55: =VLOOKUP(A55,'raw data'!S:Y,6,0) -> 84.54 | D55: =VLOOKUP(A55,'raw data'!A:G,6,0) -> 5638.94

Sheet Descrptive Statistics
A1: Date | B1: Target Corporation (TGT) | C1: Walmart Inc. (WMT) | F1: Target Corporation (TGT) | G1: Walmart Inc. (WMT)
A2: 46091 | B2: =VLOOKUP(A2,'Return prepared data'!A:L,6,0) -> 0.0049941735 | C2: =VLOOKUP(A2,'Return prepared data'!A:L,7,0) -> 0.0062731221 | E2: Max | F2: =MAX(B:B) -> 0.095584714 | G2: =MAX(C:C) -> 0.11545444
A3: 46090 | B3: =VLOOKUP(A3,'Return prepared data'!A:L,6,0) -> -0.0053812402 | C3: =VLOOKUP(A3,'Return prepared data'!A:L,7,0) -> 0.004361874 | E3: Min | F3: =MIN(B:B) -> -0.076480678 | G3: =MIN(C:C) -> -0.081410113
A4: 46083 | B4: =VLOOKUP(A4,'Return prepared data'!A:L,6,0) -> 0.061516829 | C4: =VLOOKUP(A4,'Return prepared data'!A:L,7,0) -> -0.032434545 | E4: range: | F4: =F2-F3 -> 0.17206539 | G4: =G2-G3 -> 0.19686455
A5: 46076 | B5: =VLOOKUP(A5,'Return prepared data'!A:L,6,0) -> -0.024852172 | C5: =VLOOKUP(A5,'Return prepared data'!A:L,7,0) -> 0.040328482
A6: 46069 | B6: =VLOOKUP(A6,'Return prepared data'!A:L,6,0) -> 0.018326206 | C6: =VLOOKUP(A6,'Return prepared data'!A:L,7,0) -> -0.081410113 | E6: Q3 | F6: =_xlfn.PERCENTILE.INC(B1:B54,0.75) -> 0.024985009 | G6: =_xlfn.PERCENTILE.INC(C1:C54,0.75) -> 0.02470809
A7: 46062 | B7: =VLOOKUP(A7,'Return prepared data'!A:L,6,0) -> 0.0017484046 | C7: =VLOOKUP(A7,'Return prepared data'!A:L,7,0) -> 0.020658637 | E7: Q1 | F7: =_xlfn.PERCENTILE.INC(B1:B54,0.25) -> -0.020352473 | G7: =_xlfn.PERCENTILE.INC(C1:C54,0.25) -> -0.014510278
A8: 46055 | B8: =VLOOKUP(A8,'Return prepared data'!A:L,6,0) -> 0.095584714 | C8: =VLOOKUP(A8,'Return prepared data'!A:L,7,0) -> 0.10105758 | E8: IQR, Interquartile range= q3-q1 | F8: =F6-F7 -> 0.045337482 | G8: =G6-G7 -> 0.039218368
A9: 46048 | B9: =VLOOKUP(A9,'Return prepared data'!A:L,6,0) -> -0.024296795 | C9: =VLOOKUP(A9,'Return prepared data'!A:L,7,0) -> 0.011976557
A10: 46041 | B10: =VLOOKUP(A10,'Return prepared data'!A:L,6,0) -> -0.028594771 | C10: =VLOOKUP(A10,'Return prepared data'!A:L,7,0) -> -0.016457811 | E10: Mean | F10: =AVERAGE(B:B) -> 0.0041036145 | G10: =AVERAGE(C:C) -> 0.0079859526
A11: 46034 | B11: =VLOOKUP(A11,'Return prepared data'!A:L,6,0) -> 0.054566341 | C11: =VLOOKUP(A11,'Return prepared data'!A:L,7,0) -> 0.045141011 | E11: Mean Absolute Deviation | F11: =AVEDEV(B1:B54)*52/51 -> 0.027515494 | G11: =AVEDEV(C1:C54)*52/51 -> 0.025149685
A12: 46027 | B12: =VLOOKUP(A12,'Return prepared data'!A:L,6,0) -> 0.049849246 | C12: =VLOOKUP(A12,'Return prepared data'!A:L,7,0) -> 0.015697056 | E12: Sample Variance | F12: =_xlfn.VAR.S(B:B) -> 0.001156959 | G12: =_xlfn.VAR.S(C:C) -> 0.0011650364
A13: 46020 | B13: =VLOOKUP(A13,'Return prepared data'!A:L,6,0) -> 0.0096397768 | C13: =VLOOKUP(A13,'Return prepared data'!A:L,7,0) -> 0.0091283336 | E13: Sample Standard Deviation | F13: =_xlfn.STDEV.S(B:B) -> 0.0340141 | G13: =_xlfn.STDEV.S(C:C) -> 0.034132629
A14: 46013 | B14: =VLOOKUP(A14,'Return prepared data'!A:L,6,0) -> 0.015769944 | C14: =VLOOKUP(A14,'Return prepared data'!A:L,7,0) -> -0.022910108
A15: 46006 | B15: =VLOOKUP(A15,'Return prepared data'!A:L,6,0) -> 0.0094683176 | C15: =VLOOKUP(A15,'Return prepared data'!A:L,7,0) -> -0.018031942
A16: 45999 | B16: =VLOOKUP(A16,'Return prepared data'!A:L,6,0) -> 0.053144861 | C16: =VLOOKUP(A16,'Return prepared data'!A:L,7,0) -> 0.013753482
A17: 45992 | B17: =VLOOKUP(A17,'Return prepared data'!A:L,6,0) -> 0.017277895 | C17: =VLOOKUP(A17,'Return prepared data'!A:L,7,0) -> 0.041617554
A18: 45985 | B18: =VLOOKUP(A18,'Return prepared data'!A:L,6,0) -> 0.034240258 | C18: =VLOOKUP(A18,'Return prepared data'!A:L,7,0) -> 0.049281705
A19: 45978 | B19: =VLOOKUP(A19,'Return prepared data'!A:L,6,0) -> -0.013084537 | C19: =VLOOKUP(A19,'Return prepared data'!A:L,7,0) -> 0.027769629
A20: 45971 | B20: =VLOOKUP(A20,'Return prepared data'!A:L,6,0) -> -0.014686099 | C20: =VLOOKUP(A20,'Return prepared data'!A:L,7,0) -> -0.0010744286
A21: 45964 | B21: =VLOOKUP(A21,'Return prepared data'!A:L,6,0) -> -0.015887026 | C21: =VLOOKUP(A21,'Return prepared data'!A:L,7,0) -> 0.013964544
A22: 45957 | B22: =VLOOKUP(A22,'Return prepared data'!A:L,6,0) -> -0.016386327 | C22: =VLOOKUP(A22,'Return prepared data'!A:L,7,0) -> -0.047003303
A23: 45950 | B23: =VLOOKUP(A23,'Return prepared data'!A:L,6,0) -> 0.037608377 | C23: =VLOOKUP(A23,'Return prepared data'!A:L,7,0) -> -0.014510278
A24: 45943 | B24: =VLOOKUP(A24,'Return prepared data'!A:L,6,0) -> 0.062193518 | C24: =VLOOKUP(A24,'Return prepared data'!A:L,7,0) -> 0.057856932
A25: 45936 | B25: =VLOOKUP(A25,'Return prepared data'!A:L,6,0) -> -0.039407169 | C25: =VLOOKUP(A25,'Return prepared data'!A:L,7,0) -> -0.0022580012
... A54: 45733 | B54: =VLOOKUP(A54,'Return prepared data'!A:L,6,0) -> -0.0060932974 | C54: =VLOOKUP(A54,'Return prepared data'!A:L,7,0) -> 0.0073338065
A55: 45726 | B55: =VLOOKUP(A55,'Return prepared data'!A:L,6,0)

Sheet Z outliers
A1: Date | B1: Target Corporation (TGT) | C1: Walmart Inc. (WMT) | F1: Target Corporation (TGT) | G1: Walmart Inc. (WMT)
A2: 46091 | B2: =VLOOKUP(A2,'Return prepared data'!A:L,6,0) -> 0.0049941735 | C2: =VLOOKUP(A2,'Return prepared data'!A:L,7,0) -> 0.0062731221 | E2: Mean | F2: =AVERAGE(B:B) -> 0.0041036145 | G2: =AVERAGE(C:C) -> 0.0079859526
A3: 46090 | B3: =VLOOKUP(A3,'Return prepared data'!A:L,6,0) -> -0.0053812402 | C3: =VLOOKUP(A3,'Return prepared data'!A:L,7,0) -> 0.004361874 | E3: Mean Absolute Deviation | F3: =AVEDEV(B2:B54)*52/51 -> 0.027515494 | G3: =AVEDEV(C2:C54)*52/51 -> 0.025149685
A4: 46083 | B4: =VLOOKUP(A4,'Return prepared data'!A:L,6,0) -> 0.061516829 | C4: =VLOOKUP(A4,'Return prepared data'!A:L,7,0) -> -0.032434545 | E4: Sample Variance | F4: =_xlfn.VAR.S(B:B) -> 0.001156959 | G4: =_xlfn.VAR.S(C:C) -> 0.0011650364
A5: 46076 | B5: =VLOOKUP(A5,'Return prepared data'!A:L,6,0) -> -0.024852172 | C5: =VLOOKUP(A5,'Return prepared data'!A:L,7,0) -> 0.040328482 | E5: Sample Standard Deviation | F5: =_xlfn.STDEV.S(B:B) -> 0.0340141 | G5: =_xlfn.STDEV.S(C:C) -> 0.034132629
A6: 46069 | B6: =VLOOKUP(A6,'Return prepared data'!A:L,6,0) -> 0.018326206 | C6: =VLOOKUP(A6,'Return prepared data'!A:L,7,0) -> -0.081410113
A7: 46062 | B7: =VLOOKUP(A7,'Return prepared data'!A:L,6,0) -> 0.0017484046 | C7: =VLOOKUP(A7,'Return prepared data'!A:L,7,0) -> 0.020658637 | E7: Max | F7: =MAX(B:B) -> 0.095584714 | G7: =MAX(C:C) -> 0.11545444
A8: 46055 | B8: =VLOOKUP(A8,'Return prepared data'!A:L,6,0) -> 0.095584714 | C8: =VLOOKUP(A8,'Return prepared data'!A:L,7,0) -> 0.10105758 | E8: Min | F8: =MIN(B:B) -> -0.076480678 | G8: =MIN(C:C) -> -0.081410113
A9: 46048 | B9: =VLOOKUP(A9,'Return prepared data'!A:L,6,0) -> -0.024296795 | C9: =VLOOKUP(A9,'Return prepared data'!A:L,7,0) -> 0.011976557
A10: 46041 | B10: =VLOOKUP(A10,'Return prepared data'!A:L,6,0) -> -0.028594771 | C10: =VLOOKUP(A10,'Return prepared data'!A:L,7,0) -> -0.016457811 | E10: Z min | F10: =(F8-F2)/F5 -> -2.3691437 | G10: =(G8-G2)/G5 -> -2.6190794
A11: 46034 | B11: =VLOOKUP(A11,'Return prepared data'!A:L,6,0) -> 0.054566341 | C11: =VLOOKUP(A11,'Return prepared data'!A:L,7,0) -> 0.045141011 | E11: Z max | F11: =(F7-F2)/F5 -> 2.6895052 | G11: =(G7-G2)/G5 -> 3.1485556
A12: 46027 | B12: =VLOOKUP(A12,'Return prepared data'!A:L,6,0) -> 0.049849246 | C12: =VLOOKUP(A12,'Return prepared data'!A:L,7,0) -> 0.015697056
A13: 46020 | B13: =VLOOKUP(A13,'Return prepared data'!A:L,6,0) -> 0.0096397768 | C13: =VLOOKUP(A13,'Return prepared data'!A:L,7,0) -> 0.0091283336
A14: 46013 | B14: =VLOOKUP(A14,'Return prepared data'!A:L,6,0) -> 0.015769944 | C14: =VLOOKUP(A14,'Return prepared data'!A:L,7,0) -> -0.022910108
A15: 46006 | B15: =VLOOKUP(A15,'Return prepared data'!A:L,6,0) -> 0.0094683176 | C15: =VLOOKUP(A15,'Return prepared data'!A:L,7,0) -> -0.018031942
A16: 45999 | B16: =VLOOKUP(A16,'Return prepared data'!A:L,6,0) -> 0.053144861 | C16: =VLOOKUP(A16,'Return prepared data'!A:L,7,0) -> 0.013753482
A17: 45992 | B17: =VLOOKUP(A17,'Return prepared data'!A:L,6,0) -> 0.017277895 | C17: =VLOOKUP(A17,'Return prepared data'!A:L,7,0) -> 0.041617554
A18: 45985 | B18: =VLOOKUP(A18,'Return prepared data'!A:L,6,0) -> 0.034240258 | C18: =VLOOKUP(A18,'Return prepared data'!A:L,7,0) -> 0.049281705
A19: 45978 | B19: =VLOOKUP(A19,'Return prepared data'!A:L,6,0) -> -0.013084537 | C19: =VLOOKUP(A19,'Return prepared data'!A:L,7,0) -> 0.027769629
A20: 45971 | B20: =VLOOKUP(A20,'Return prepared data'!A:L,6,0) -> -0.014686099 | C20: =VLOOKUP(A20,'Return prepared data'!A:L,7,0) -> -0.0010744286
A21: 45964 | B21: =VLOOKUP(A21,'Return prepared data'!A:L,6,0) -> -0.015887026 | C21: =VLOOKUP(A21,'Return prepared data'!A:L,7,0) -> 0.013964544
A22: 45957 | B22: =VLOOKUP(A22,'Return prepared data'!A:L,6,0) -> -0.016386327 | C22: =VLOOKUP(A22,'Return prepared data'!A:L,7,0) -> -0.047003303
A23: 45950 | B23: =VLOOKUP(A23,'Return prepared data'!A:L,6,0) -> 0.037608377 | C23: =VLOOKUP(A23,'Return prepared data'!A:L,7,0) -> -0.014510278
... A54: 45733 | B54: =VLOOKUP(A54,'Return prepared data'!A:L,6,0) -> -0.0060932974 | C54: =VLOOKUP(A54,'Return prepared data'!A:L,7,0) -> 0.0073338065
A55: 45726 | B55: =VLOOKUP(A55,'Return prepared data'!A:L,6,0)

Sheet CV and sharpe ratio
A1: Date | B1: Target Corporation (TGT) | C1: Walmart Inc. (WMT) | F1: Target Corporation (TGT) | G1: Walmart Inc. (WMT)
A2: 46091 | B2: =VLOOKUP(A2,'Return prepared data'!A:L,6,0) -> 0.0049941735 | C2: =VLOOKUP(A2,'Return prepared data'!A:L,7,0) -> 0.0062731221 | E2: Mean | F2: =AVERAGE(B:B) -> 0.0041036145 | G2: =AVERAGE(C:C) -> 0.0079859526
A3: 46090 | B3: =VLOOKUP(A3,'Return prepared data'!A:L,6,0) -> -0.0053812402 | C3: =VLOOKUP(A3,'Return prepared data'!A:L,7,0) -> 0.004361874 | E3: Mean Absolute Deviation | F3: =AVEDEV(B2:B54)*52/51 -> 0.027515494 | G3: =AVEDEV(C2:C54)*52/51 -> 0.025149685
A4: 46083 | B4: =VLOOKUP(A4,'Return prepared data'!A:L,6,0) -> 0.061516829 | C4: =VLOOKUP(A4,'Return prepared data'!A:L,7,0) -> -0.032434545 | E4: Sample Variance | F4: =_xlfn.VAR.S(B:B) -> 0.001156959 | G4: =_xlfn.VAR.S(C:C) -> 0.0011650364
A5: 46076 | B5: =VLOOKUP(A5,'Return prepared data'!A:L,6,0) -> -0.024852172 | C5: =VLOOKUP(A5,'Return prepared data'!A:L,7,0) -> 0.040328482 | E5: Sample Standard Deviation | F5: =_xlfn.STDEV.S(B:B) -> 0.0340141 | G5: =_xlfn.STDEV.S(C:C) -> 0.034132629
A6: 46069 | B6: =VLOOKUP(A6,'Return prepared data'!A:L,6,0) -> 0.018326206 | C6: =VLOOKUP(A6,'Return prepared data'!A:L,7,0) -> -0.081410113 | E6: CV | F6: =F5/F2 -> 8.2888148 | G6: =G5/G2 -> 4.2740836
A7: 46062 | B7: =VLOOKUP(A7,'Return prepared data'!A:L,6,0) -> 0.0017484046 | C7: =VLOOKUP(A7,'Return prepared data'!A:L,7,0) -> 0.020658637
A8: 46055 | B8: =VLOOKUP(A8,'Return prepared data'!A:L,6,0) -> 0.095584714 | C8: =VLOOKUP(A8,'Return prepared data'!A:L,7,0) -> 0.10105758 | E8: Tbill | F8: =3.96/52 -> 0.076153846
A9: 46048 | B9: =VLOOKUP(A9,'Return prepared data'!A:L,6,0) -> -0.024296795 | C9: =VLOOKUP(A9,'Return prepared data'!A:L,7,0) -> 0.011976557 | E9: Shape ratio | F9: =(F2-$F$8)/F5 -> -2.118246 | G9: =(G2-$F$8)/G5 -> -1.9971474
A10: 46041 | B10: =VLOOKUP(A10,'Return prepared data'!A:L,6,0) -> -0.028594771 | C10: =VLOOKUP(A10,'Return prepared data'!A:L,7,0) -> -0.016457811
A11: 46034 | B11: =VLOOKUP(A11,'Return prepared data'!A:L,6,0) -> 0.054566341 | C11: =VLOOKUP(A11,'Return prepared data'!A:L,7,0) -> 0.045141011
A12: 46027 | B12: =VLOOKUP(A12,'Return prepared data'!A:L,6,0) -> 0.049849246 | C12: =VLOOKUP(A12,'Return prepared data'!A:L,7,0) -> 0.015697056
A13: 46020 | B13: =VLOOKUP(A13,'Return prepared data'!A:L,6,0) -> 0.0096397768 | C13: =VLOOKUP(A13,'Return prepared data'!A:L,7,0) -> 0.0091283336
A14: 46013 | B14: =VLOOKUP(A14,'Return prepared data'!A:L,6,0) -> 0.015769944 | C14: =VLOOKUP(A14,'Return prepared data'!A:L,7,0) -> -0.022910108
A15: 46006 | B15: =VLOOKUP(A15,'Return prepared data'!A:L,6,0) -> 0.0094683176 | C15: =VLOOKUP(A15,'Return prepared data'!A:L,7,0) -> -0.018031942
A16: 45999 | B16: =VLOOKUP(A16,'Return prepared data'!A:L,6,0) -> 0.053144861 | C16: =VLOOKUP(A16,'Return prepared data'!A:L,7,0) -> 0.013753482
A17: 45992 | B17: =VLOOKUP(A17,'Return prepared data'!A:L,6,0) -> 0.017277895 | C17: =VLOOKUP(A17,'Return prepared data'!A:L,7,0) -> 0.041617554
A18: 45985 | B18: =VLOOKUP(A18,'Return prepared data'!A:L,6,0) -> 0.034240258 | C18: =VLOOKUP(A18,'Return prepared data'!A:L,7,0) -> 0.049281705
A19: 45978 | B19: =VLOOKUP(A19,'Return prepared data'!A:L,6,0) -> -0.013084537 | C19: =VLOOKUP(A19,'Return prepared data'!A:L,7,0) -> 0.027769629
A20: 45971 | B20: =VLOOKUP(A20,'Return prepared data'!A:L,6,0) -> -0.014686099 | C20: =VLOOKUP(A20,'Return prepared data'!A:L,7,0) -> -0.0010744286
A21: 45964 | B21: =VLOOKUP(A21,'Return prepared data'!A:L,6,0) -> -0.015887026 | C21: =VLOOKUP(A21,'Return prepared data'!A:L,7,0) -> 0.013964544
... A54: 45733 | B54: =VLOOKUP(A54,'Return prepared data'!A:L,6,0) -> -0.0060932974 | C54: =VLOOKUP(A54,'Return prepared data'!A:L,7,0) -> 0.0073338065
A55: 45726

Sheet Cov and Correlation
A1: Date | B1: Target Corporation (TGT) | C1: Walmart Inc. (WMT)
A2: 46091 | B2: =VLOOKUP(A2,'Return prepared data'!A:L,6,0) -> 0.0049941735 | C2: =VLOOKUP(A2,'Return prepared data'!A:L,7,0) -> 0.0062731221 | E2: COV | F2: =_xlfn.COVARIANCE.S(B:B,C:C) -> 0.00032698341
A3: 46090 | B3: =VLOOKUP(A3,'Return prepared data'!A:L,6,0) -> -0.0053812402 | C3: =VLOOKUP(A3,'Return prepared data'!A:L,7,0) -> 0.004361874 | E3: Correlation | F3: =CORREL(B:B,C:C) -> 0.28164172
A4: 46083 | B4: =VLOOKUP(A4,'Return prepared data'!A:L,6,0) -> 0.061516829 | C4: =VLOOKUP(A4,'Return prepared data'!A:L,7,0) -> -0.032434545 | E4: R^2 | F4: =F3^2 -> 0.079322059
A5: 46076 | B5: =VLOOKUP(A5,'Return prepared data'!A:L,6,0) -> -0.024852172 | C5: =VLOOKUP(A5,'Return prepared data'!A:L,7,0) -> 0.040328482
A6: 46069 | B6: =VLOOKUP(A6,'Return prepared data'!A:L,6,0) -> 0.018326206 | C6: =VLOOKUP(A6,'Return prepared data'!A:L,7,0) -> -0.081410113
A7: 46062 | B7: =VLOOKUP(A7,'Return prepared data'!A:L,6,0) -> 0.0017484046 | C7: =VLOOKUP(A7,'Return prepared data'!A:L,7,0) -> 0.020658637
A8: 46055 | B8: =VLOOKUP(A8,'Return prepared data'!A:L,6,0) -> 0.095584714 | C8: =VLOOKUP(A8,'Return prepared data'!A:L,7,0) -> 0.10105758
A9: 46048 | B9: =VLOOKUP(A9,'Return prepared data'!A:L,6,0) -> -0.024296795 | C9: =VLOOKUP(A9,'Return prepared data'!A:L,7,0) -> 0.011976557
A10: 46041 | B10: =VLOOKUP(A10,'Return prepared data'!A:L,6,0) -> -0.028594771 | C10: =VLOOKUP(A10,'Return prepared data'!A:L,7,0) -> -0.016457811
A11: 46034 | B11: =VLOOKUP(A11,'Return prepared data'!A:L,6,0) -> 0.054566341 | C11: =VLOOKUP(A11,'Return prepared data'!A:L,7,0) -> 0.045141011
A12: 46027 | B12: =VLOOKUP(A12,'Return prepared data'!A:L,6,0) -> 0.049849246 | C12: =VLOOKUP(A12,'Return prepared data'!A:L,7,0) -> 0.015697056
A13: 46020 | B13: =VLOOKUP(A13,'Return prepared data'!A:L,6,0) -> 0.0096397768 | C13: =VLOOKUP(A13,'Return prepared data'!A:L,7,0) -> 0.0091283336
A14: 46013 | B14: =VLOOKUP(A14,'Return prepared data'!A:L,6,0) -> 0.015769944 | C14: =VLOOKUP(A14,'Return prepared data'!A:L,7,0) -> -0.022910108
A15: 46006 | B15: =VLOOKUP(A15,'Return prepared data'!A:L,6,0) -> 0.0094683176 | C15: =VLOOKUP(A15,'Return prepared data'!A:L,7,0) -> -0.018031942
A16: 45999 | B16: =VLOOKUP(A16,'Return prepared data'!A:L,6,0) -> 0.053144861 | C16: =VLOOKUP(A16,'Return prepared data'!A:L,7,0) -> 0.013753482
... A54: 45733 | B54: =VLOOKUP(A54,'Return prepared data'!A:L,6,0) -> -0.0060932974 | C54: =VLOOKUP(A54,'Return prepared data'!A:L,7,0) -> 0.0073338065
A55: 45726

Sheet Chisq for Target and Walmart
A1: Date | B1: Target Corporation (TGT) | D1: It was claimed that the annual volatility of Target Corporation (TGT) returns is 18%. A random sample of 53 weekly returns from March 2025 to March 2026 was taken. At the 0.05 significance level, we conduct a Chi-Square test to determine if the actual weekly volatility is significantly different from the converted value of 0.3%. | N1: Date | O1: Walmart Inc. (WMT) | Q1: It was claimed that the annual volatility of Walmart Inc. (WMT) returns is 18%. A random sample of 53 weekly returns from March 2025 to March 2026 was taken. At the 0.05 significance level, we conduct a Chi-Square test to determine if the actual weekly volatility is significantly different from the converted value of 0.3%.
A2: 46091 | B2: =VLOOKUP(A2,'Return prepared data'!A:L,6,0) -> 0.0049941735 | N2: 46091 | O2: =VLOOKUP(N2,'Cov and Correlation'!A:C,3,0) -> 0.0062731221
A3: 46090 | B3: =VLOOKUP(A3,'Return prepared data'!A:L,6,0) -> -0.0053812402 | N3: 46090 | O3: =VLOOKUP(N3,'Cov and Correlation'!A:C,3,0) -> 0.004361874
A4: 46083 | B4: =VLOOKUP(A4,'Return prepared data'!A:L,6,0) -> 0.061516829 | N4: 46083 | O4: =VLOOKUP(N4,'Cov and Correlation'!A:C,3,0) -> -0.032434545
A5: 46076 | B5: =VLOOKUP(A5,'Return prepared data'!A:L,6,0) -> -0.024852172 | N5: 46076 | O5: =VLOOKUP(N5,'Cov and Correlation'!A:C,3,0) -> 0.040328482
A6: 46069 | B6: =VLOOKUP(A6,'Return prepared data'!A:L,6,0) -> 0.018326206 | N6: 46069 | O6: =VLOOKUP(N6,'Cov and Correlation'!A:C,3,0) -> -0.081410113
A7: 46062 | B7: =VLOOKUP(A7,'Return prepared data'!A:L,6,0) -> 0.0017484046 | D7: =0.18/54 -> 0.0033333333 | N7: 46062 | O7: =VLOOKUP(N7,'Cov and Correlation'!A:C,3,0) -> 0.020658637 | Q7: =0.18/54 -> 0.0033333333
A8: 46055 | B8: =VLOOKUP(A8,'Return prepared data'!A:L,6,0) -> 0.095584714 | D8: H₀: σ² = 0.00001111111111 | N8: 46055 | O8: =VLOOKUP(N8,'Cov and Correlation'!A:C,3,0) -> 0.10105758 | Q8: H₀: σ² = 0.00001111111111
A9: 46048 | B9: =VLOOKUP(A9,'Return prepared data'!A:L,6,0) -> -0.024296795 | D9: H₁: σ² ≠ 0.00001111111111 | N9: 46048 | O9: =VLOOKUP(N9,'Cov and Correlation'!A:C,3,0) -> 0.011976557 | Q9: H₁: σ² ≠ 0.00001111111111
A10: 46041 | B10: =VLOOKUP(A10,'Return prepared data'!A:L,6,0) -> -0.028594771 | D10: n | E10: 53 | N10: 46041 | O10: =VLOOKUP(N10,'Cov and Correlation'!A:C,3,0) -> -0.016457811 | Q10: n | R10: 53
A11: 46034 | B11: =VLOOKUP(A11,'Return prepared data'!A:L,6,0) -> 0.054566341 | D11: s | E11: =_xlfn.STDEV.S(B:B) -> 0.0340141 | N11: 46034 | O11: =VLOOKUP(N11,'Cov and Correlation'!A:C,3,0) -> 0.045141011 | Q11: s | R11: =_xlfn.STDEV.S(O:O) -> 0.034132629
A12: 46027 | B12: =VLOOKUP(A12,'Return prepared data'!A:L,6,0) -> 0.049849246 | D12: σ₀ | E12: 0.0033333333 | N12: 46027 | O12: =VLOOKUP(N12,'Cov and Correlation'!A:C,3,0) -> 0.015697056 | Q12: σ₀ | R12: 0.0033333333
A13: 46020 | B13: =VLOOKUP(A13,'Return prepared data'!A:L,6,0) -> 0.0096397768 | D13: α | E13: 0.05 | N13: 46020 | O13: =VLOOKUP(N13,'Cov and Correlation'!A:C,3,0) -> 0.0091283336 | Q13: α | R13: 0.05
A14: 46013 | B14: =VLOOKUP(A14,'Return prepared data'!A:L,6,0) -> 0.015769944 | D14: DOF | E14: =E10-1 -> 52 | N14: 46013 | O14: =VLOOKUP(N14,'Cov and Correlation'!A:C,3,0) -> -0.022910108 | Q14: DOF | R14: =R10-1 -> 52
A15: 46006 | B15: =VLOOKUP(A15,'Return prepared data'!A:L,6,0) -> 0.0094683176 | D15: s² | E15: =E11^2 -> 0.001156959 | N15: 46006 | O15: =VLOOKUP(N15,'Cov and Correlation'!A:C,3,0) -> -0.018031942 | Q15: s² | R15: =R11^2 -> 0.0011650364
A16: 45999 | B16: =VLOOKUP(A16,'Return prepared data'!A:L,6,0) -> 0.053144861 | D16: σ₀² | E16: =E12^2 -> 1.1111111e-05 | N16: 45999 | O16: =VLOOKUP(N16,'Cov and Correlation'!A:C,3,0) -> 0.013753482 | Q16: σ₀² | R16: =R12^2 -> 1.1111111e-05
A17: 45992 | B17: =VLOOKUP(A17,'Return prepared data'!A:L,6,0) -> 0.017277895 | D17: χ² | E17: =E14*E15/E16 -> 5414.5683 | N17: 45992 | O17: =VLOOKUP(N17,'Cov and Correlation'!A:C,3,0) -> 0.041617554 | Q17: χ² | R17: =R14*R15/R16 -> 5452.3703
A18: 45985 | B18: =VLOOKUP(A18,'Return prepared data'!A:L,6,0) -> 0.034240258 | D18: P value | E18: =2*_xlfn.CHISQ.DIST.RT(E17,E14) -> 0 | N18: 45985 | O18: =VLOOKUP(N18,'Cov and Correlation'!A:C,3,0) -> 0.049281705 | Q18: P value | R18: =2*_xlfn.CHISQ.DIST.RT(R17,R14) -> 0
A19: 45978 | B19: =VLOOKUP(A19,'Return prepared data'!A:L,6,0) -> -0.013084537 | N19: 45978 | O19: =VLOOKUP(N19,'Cov and Correlation'!A:C,3,0) -> 0.027769629
A20: 45971 | B20: =VLOOKUP(A20,'Return prepared data'!A:L,6,0) -> -0.014686099 | D20: p value ≈ 0.0000 | N20: 45971 | O20: =VLOOKUP(N20,'Cov and Correlation'!A:C,3,0) -> -0.0010744286 | Q20: p value ≈ 0.0000
A21: 45964 | B21: =VLOOKUP(A21,'Return prepared data'!A:L,6,0) -> -0.015887026 | D21: Conclusion | N21: 45964 | O21: =VLOOKUP(N21,'Cov and Correlation'!A:C,3,0) -> 0.013964544 | Q21: Conclusion
A22: 45957 | B22: =VLOOKUP(A22,'Return prepared data'!A:L,6,0) -> -0.016386327 | N22: 45957 | O22: =VLOOKUP(N22,'Cov and Correlation'!A:C,3,0) -> -0.047003303
A23: 45950 | B23: =VLOOKUP(A23,'Return prepared data'!A:L,6,0) -> 0.037608377 | D23: p = 0.0000 < 0.05 | N23: 45950 | O23: =VLOOKUP(N23,'Cov and Correlation'!A:C,3,0) -> -0.014510278 | Q23: p = 0.0000 < 0.05
A24: 45943 | B24: =VLOOKUP(A24,'Return prepared data'!A:L,6,0) -> 0.062193518 | D24: Reject | N24: 45943 | O24: =VLOOKUP(N24,'Cov and Correlation'!A:C,3,0) -> 0.057856932 | Q24: Reject
A25: 45936 | B25: =VLOOKUP(A25,'Return prepared data'!A:L,6,0) -> -0.039407169 | D25: This indicates that there is sufficient evidence to conclude that Target Corporation’s actual weekly volatility is significantly different from the converted weekly value of 0.3%(original 18%), as per the manager's claim. | N25: 45936 | O25: =VLOOKUP(N25,'Cov and Correlation'!A:C,3,0) -> -0.0022580012 | Q25: This indicates that there is sufficient evidence to conclude that Walmart Inc. (WMT)'s actual weekly volatility is significantly different from the converted weekly value of 0.3%(original 18%), as per the manager's claim.
A26: 45929 | B26: =VLOOKUP(A26,'Return prepared data'!A:L,6,0) -> 0.013507219 | N26: 45929 | O26: =VLOOKUP(N26,'Cov and Correlation'!A:C,3,0) -> -0.010587664
A27: 45922 | B27: =VLOOKUP(A27,'Return prepared data'!A:L,6,0) -> -0.0032497679 | N27: 45922 | O27: =VLOOKUP(N27,'Cov and Correlation'!A:C,3,0) -> 0.0081276929
A28: 45915 | B28: =VLOOKUP(A28,'Return prepared data'!A:L,6,0) -> -0.020352473 | N28: 45915 | O28: =VLOOKUP(N28,'Cov and Correlation'!A:C,3,0) -> -0.011231603
A29: 45908 | B29: =VLOOKUP(A29,'Return prepared data'!A:L,6,0) -> -0.034365393 | N29: 45908 | O29: =VLOOKUP(N29,'Cov and Correlation'!A:C,3,0) -> 0.029608215
A30: 45901 | B30: =VLOOKUP(A30,'Return prepared data'!A:L,6,0) -> -0.029308324 | N30: 45901 | O30: =VLOOKUP(N30,'Cov and Correlation'!A:C,3,0) -> 0.036474478
A31: 45894 | B31: =VLOOKUP(A31,'Return prepared data'!A:L,6,0) -> -0.032879819 | N31: 45894 | O31: =VLOOKUP(N31,'Cov and Correlation'!A:C,3,0) -> 0.0015523129
A32: 45887 | B32: =VLOOKUP(A32,'Return prepared data'!A:L,6,0) -> -0.026196929 | N32: 45887 | O32: =VLOOKUP(N32,'Cov and Correlation'!A:C,3,0) -> -0.02942949
A33: 45880 | B33: =VLOOKUP(A33,'Return prepared data'!A:L,6,0) -> -0.022564505 | N33: 45880 | O33: =VLOOKUP(N33,'Cov and Correlation'!A:C,3,0) -> -0.03601859
A34: 45873 | B34: =VLOOKUP(A34,'Return prepared data'!A:L,6,0) -> 0.056378899 | N34: 45873 | O34: =VLOOKUP(N34,'Cov and Correlation'!A:C,3,0) -> 0.053232715
A35: 45866 | B35: =VLOOKUP(A35,'Return prepared data'!A:L,6,0) -> -0.059184867 | N35: 45866 | O35: =VLOOKUP(N35,'Cov and Correlation'!A:C,3,0) -> 0.010407007
A36: 45859 | B36: =VLOOKUP(A36,'Return prepared data'!A:L,6,0) -> 0.024985009 | N36: 45859 | O36: =VLOOKUP(N36,'Cov and Correlation'!A:C,3,0) -> 0.02546492
A37: 45852 | B37: =VLOOKUP(A37,'Return prepared data'!A:L,6,0) -> -0.0074397381 | N37: 45852 | O37: =VLOOKUP(N37,'Cov and Correlation'!A:C,3,0) -> 0.0069156293
... A54: 45733 | B54: =VLOOKUP(A54,'Return prepared data'!A:L,6,0) -> -0.0060932974 | N54: 45733 | O54: =VLOOKUP(N54,'Cov and Correlation'!A:C,3,0) -> 0.0073338065
A55: 45726 | N55: 45726 | O55: =VLOOKUP(N55,'Cov and Correlation'!A:C,3,0)

Sheet F statistics test
A1: Date | B1: Target Corporation (TGT) | C1: Walmart Inc. (WMT) | F1: A financial analyst wants to test whether Target is riskier than Walmart using variance as the measure of risk. Assume returns are normally distributed and use a 5 percent significance level.
A2: 46091 | B2: =VLOOKUP(A2,'Return prepared data'!A:L,6,0) -> 0.0049941735 | C2: =VLOOKUP(A2,'Return prepared data'!A:L,7,0) -> 0.0062731221 | E2: H₀: σ1² ≤ σ2²
A3: 46090 | B3: =VLOOKUP(A3,'Return prepared data'!A:L,6,0) -> -0.0053812402 | C3: =VLOOKUP(A3,'Return prepared data'!A:L,7,0) -> 0.004361874 | E3: H₁: σ1 > σ2²
A4: 46083 | B4: =VLOOKUP(A4,'Return prepared data'!A:L,6,0) -> 0.061516829 | C4: =VLOOKUP(A4,'Return prepared data'!A:L,7,0) -> -0.032434545
A5: 46076 | B5: =VLOOKUP(A5,'Return prepared data'!A:L,6,0) -> -0.024852172 | C5: =VLOOKUP(A5,'Return prepared data'!A:L,7,0) -> 0.040328482 | E5: s1 | F5: =STDEV(B:B) -> 0.0340141
A6: 46069 | B6: =VLOOKUP(A6,'Return prepared data'!A:L,6,0) -> 0.018326206 | C6: =VLOOKUP(A6,'Return prepared data'!A:L,7,0) -> -0.081410113 | E6: s2 | F6: =STDEV(C:C) -> 0.034132629
A7: 46062 | B7: =VLOOKUP(A7,'Return prepared data'!A:L,6,0) -> 0.0017484046 | C7: =VLOOKUP(A7,'Return prepared data'!A:L,7,0) -> 0.020658637 | E7: n1 | F7: 52
A8: 46055 | B8: =VLOOKUP(A8,'Return prepared data'!A:L,6,0) -> 0.095584714 | C8: =VLOOKUP(A8,'Return prepared data'!A:L,7,0) -> 0.10105758 | E8: n2 | F8: 52
A9: 46048 | B9: =VLOOKUP(A9,'Return prepared data'!A:L,6,0) -> -0.024296795 | C9: =VLOOKUP(A9,'Return prepared data'!A:L,7,0) -> 0.011976557 | E9: s1² | F9: =F5^2 -> 0.001156959
A10: 46041 | B10: =VLOOKUP(A10,'Return prepared data'!A:L,6,0) -> -0.028594771 | C10: =VLOOKUP(A10,'Return prepared data'!A:L,7,0) -> -0.016457811 | E10: s2² | F10: =F6^2 -> 0.0011650364
A11: 46034 | B11: =VLOOKUP(A11,'Return prepared data'!A:L,6,0) -> 0.054566341 | C11: =VLOOKUP(A11,'Return prepared data'!A:L,7,0) -> 0.045141011 | E11: dof1 | F11: =F7-1 -> 51
A12: 46027 | B12: =VLOOKUP(A12,'Return prepared data'!A:L,6,0) -> 0.049849246 | C12: =VLOOKUP(A12,'Return prepared data'!A:L,7,0) -> 0.015697056 | E12: dof2 | F12: =F8-1 -> 51
A13: 46020 | B13: =VLOOKUP(A13,'Return prepared data'!A:L,6,0) -> 0.0096397768 | C13: =VLOOKUP(A13,'Return prepared data'!A:L,7,0) -> 0.0091283336 | E13: F = s₁² / s₂² | F13: =F9/F10 -> 0.99306687
A14: 46013 | B14: =VLOOKUP(A14,'Return prepared data'!A:L,6,0) -> 0.015769944 | C14: =VLOOKUP(A14,'Return prepared data'!A:L,7,0) -> -0.022910108 | E14: Critical value | F14: =_xlfn.F.INV.RT(0.05,52,52) -> 1.5847049
A15: 46006 | B15: =VLOOKUP(A15,'Return prepared data'!A:L,6,0) -> 0.0094683176 | C15: =VLOOKUP(A15,'Return prepared data'!A:L,7,0) -> -0.018031942 | E15: P value | F15: =_xlfn.F.DIST.RT(F13,F11,F12) -> 0.50986123
A16: 45999 | B16: =VLOOKUP(A16,'Return prepared data'!A:L,6,0) -> 0.053144861 | C16: =VLOOKUP(A16,'Return prepared data'!A:L,7,0) -> 0.013753482 | E16: Decision rule in term of critical value | F16: 0.9930 < 1.585 | G16: Fail to reject H0
A17: 45992 | B17: =VLOOKUP(A17,'Return prepared data'!A:L,6,0) -> 0.017277895 | C17: =VLOOKUP(A17,'Return prepared data'!A:L,7,0) -> 0.041617554 | E17: Decision rule in terms of p value | F17: 0.509 > 0.0340 | G17: Fail to reject H0
A18: 45985 | B18: =VLOOKUP(A18,'Return prepared data'!A:L,6,0) -> 0.034240258 | C18: =VLOOKUP(A18,'Return prepared data'!A:L,7,0) -> 0.049281705
A19: 45978 | B19: =VLOOKUP(A19,'Return prepared data'!A:L,6,0) -> -0.013084537 | C19: =VLOOKUP(A19,'Return prepared data'!A:L,7,0) -> 0.027769629 | H19: Conclusion: | I19: There is sufficient evidence at the 5 percent significance level to conclude that Walmart is riskier than Target.
A20: 45971 | B20: =VLOOKUP(A20,'Return prepared data'!A:L,6,0) -> -0.014686099 | C20: =VLOOKUP(A20,'Return prepared data'!A:L,7,0) -> -0.0010744286
A21: 45964 | B21: =VLOOKUP(A21,'Return prepared data'!A:L,6,0) -> -0.015887026 | C21: =VLOOKUP(A21,'Return prepared data'!A:L,7,0) -> 0.013964544
A22: 45957 | B22: =VLOOKUP(A22,'Return prepared data'!A:L,6,0) -> -0.016386327 | C22: =VLOOKUP(A22,'Return prepared data'!A:L,7,0) -> -0.047003303
A23: 45950 | B23: =VLOOKUP(A23,'Return prepared data'!A:L,6,0) -> 0.037608377 | C23: =VLOOKUP(A23,'Return prepared data'!A:L,7,0) -> -0.014510278
A24: 45943 | B24: =VLOOKUP(A24,'Return prepared data'!A:L,6,0) -> 0.062193518 | C24: =VLOOKUP(A24,'Return prepared data'!A:L,7,0) -> 0.057856932
A25: 45936 | B25: =VLOOKUP(A25,'Return prepared data'!A:L,6,0) -> -0.039407169 | C25: =VLOOKUP(A25,'Return prepared data'!A:L,7,0) -> -0.0022580012
A26: 45929 | B26: =VLOOKUP(A26,'Return prepared data'!A:L,6,0) -> 0.013507219 | C26: =VLOOKUP(A26,'Return prepared data'!A:L,7,0) -> -0.010587664
A27: 45922 | B27: =VLOOKUP(A27,'Return prepared data'!A:L,6,0) -> -0.0032497679 | C27: =VLOOKUP(A27,'Return prepared data'!A:L,7,0) -> 0.0081276929
A28: 45915 | B28: =VLOOKUP(A28,'Return prepared data'!A:L,6,0) -> -0.020352473 | C28: =VLOOKUP(A28,'Return prepared data'!A:L,7,0) -> -0.011231603
A29: 45908 | B29: =VLOOKUP(A29,'Return prepared data'!A:L,6,0) -> -0.034365393 | C29: =VLOOKUP(A29,'Return prepared data'!A:L,7,0) -> 0.029608215
A30: 45901 | B30: =VLOOKUP(A30,'Return prepared data'!A:L,6,0) -> -0.029308324 | C30: =VLOOKUP(A30,'Return prepared data'!A:L,7,0) -> 0.036474478
A31: 45894 | B31: =VLOOKUP(A31,'Return prepared data'!A:L,6,0) -> -0.032879819 | C31: =VLOOKUP(A31,'Return prepared data'!A:L,7,0) -> 0.0015523129
... A54: 45733 | B54: =VLOOKUP(A54,'Return prepared data'!A:L,6,0) -> -0.0060932974 | C54: =VLOOKUP(A54,'Return prepared data'!A:L,7,0) -> 0.0073338065
A55: 45726 | B55: =VLOOKUP(A55,'Return prepared data'!A:L,6,0)

Sheet Regression
A1: Date | B1: Target Corporation (TGT) | C1: GSPC
A2: 46091 | B2: =VLOOKUP(A2,'Return prepared data'!A:L,6,0) -> 0.0049941735 | C2: =VLOOKUP(A2,'Return prepared data'!A:H,8,0) -> -0.0021350826
A3: 46090 | B3: =VLOOKUP(A3,'Return prepared data'!A:L,6,0) -> -0.0053812402 | C3: =VLOOKUP(A3,'Return prepared data'!A:H,8,0) -> 0.0083041297
A4: 46083 | B4: =VLOOKUP(A4,'Return prepared data'!A:L,6,0) -> 0.061516829 | C4: =VLOOKUP(A4,'Return prepared data'!A:H,8,0) -> -0.020186426 | I4: ВЫВОД ИТОГОВ
A5: 46076 | B5: =VLOOKUP(A5,'Return prepared data'!A:L,6,0) -> -0.024852172 | C5: =VLOOKUP(A5,'Return prepared data'!A:H,8,0) -> -0.0044330206
A6: 46069 | B6: =VLOOKUP(A6,'Return prepared data'!A:L,6,0) -> 0.018326206 | C6: =VLOOKUP(A6,'Return prepared data'!A:H,8,0) -> 0.010728229 | I6: Регрессионная статистика
A7: 46062 | B7: =VLOOKUP(A7,'Return prepared data'!A:L,6,0) -> 0.0017484046 | C7: =VLOOKUP(A7,'Return prepared data'!A:H,8,0) -> -0.013866971 | I7: Множественный R | J7: 42398626
A8: 46055 | B8: =VLOOKUP(A8,'Return prepared data'!A:L,6,0) -> 0.095584714 | C8: =VLOOKUP(A8,'Return prepared data'!A:H,8,0) -> -0.00096987619 | I8: R-квадрат | J8: 17976435
A9: 46048 | B9: =VLOOKUP(A9,'Return prepared data'!A:L,6,0) -> -0.024296795 | C9: =VLOOKUP(A9,'Return prepared data'!A:H,8,0) -> 0.0033865415 | I9: Нормированный R-квадрат | J9: 16399059
A10: 46041 | B10: =VLOOKUP(A10,'Return prepared data'!A:L,6,0) -> -0.028594771 | C10: =VLOOKUP(A10,'Return prepared data'!A:H,8,0) -> -0.0035158451 | I10: Стандартная ошибка | J10: 3080973
A11: 46034 | B11: =VLOOKUP(A11,'Return prepared data'!A:L,6,0) -> 0.054566341 | C11: =VLOOKUP(A11,'Return prepared data'!A:H,8,0) -> -0.0037710227 | I11: Наблюдения | J11: 54
A12: 46027 | B12: =VLOOKUP(A12,'Return prepared data'!A:L,6,0) -> 0.049849246 | C12: =VLOOKUP(A12,'Return prepared data'!A:H,8,0) -> 0.015719249
A13: 46020 | B13: =VLOOKUP(A13,'Return prepared data'!A:L,6,0) -> 0.0096397768 | C13: =VLOOKUP(A13,'Return prepared data'!A:H,8,0) -> -0.010313221 | I13: Дисперсионный анализ
A14: 46013 | B14: =VLOOKUP(A14,'Return prepared data'!A:L,6,0) -> 0.015769944 | C14: =VLOOKUP(A14,'Return prepared data'!A:H,8,0) -> 0.013964445 | J14: df | K14: SS | L14: MS | M14: F | N14: Значимость F
A15: 46006 | B15: =VLOOKUP(A15,'Return prepared data'!A:L,6,0) -> 0.0094683176 | C15: =VLOOKUP(A15,'Return prepared data'!A:H,8,0) -> 0.0010384611 | I15: Регрессия | J15: 1 | K15: 1081793 | L15: 1081793 | M15: 113964153 | N15: 139868
A16: 45999 | B16: =VLOOKUP(A16,'Return prepared data'!A:L,6,0) -> 0.053144861 | C16: =VLOOKUP(A16,'Return prepared data'!A:H,8,0) -> -0.0062572776 | I16: Остаток | J16: 52 | K16: 4936047 | L16: 94924
A17: 45992 | B17: =VLOOKUP(A17,'Return prepared data'!A:L,6,0) -> 0.017277895 | C17: =VLOOKUP(A17,'Return prepared data'!A:H,8,0) -> 0.0031113622 | I17: Итого | J17: 53 | K17: 601784
A18: 45985 | B18: =VLOOKUP(A18,'Return prepared data'!A:L,6,0) -> 0.034240258 | C18: =VLOOKUP(A18,'Return prepared data'!A:H,8,0) -> 0.037270994
A19: 45978 | B19: =VLOOKUP(A19,'Return prepared data'!A:L,6,0) -> -0.013084537 | C19: =VLOOKUP(A19,'Return prepared data'!A:H,8,0) -> -0.019471021 | J19: Коэффициенты | K19: Стандартная ошибка | L19: t-статистика | M19: P-Значение | N19: Нижние 95% | O19: Верхние 95% | P19: Нижние 95,0% | Q19: Верхние 95,0%
A20: 45971 | B20: =VLOOKUP(A20,'Return prepared data'!A:L,6,0) -> -0.014686099 | C20: =VLOOKUP(A20,'Return prepared data'!A:H,8,0) -> 0.00078914517 | I20: Y-пересечение | J20: 16859 | K20: 424967 | L20: 39671425 | M20: 69320167 | N20: -68417 | O20: 1021349 | P20: -68417 | Q20: 1021349
A21: 45964 | B21: =VLOOKUP(A21,'Return prepared data'!A:L,6,0) -> -0.015887026 | C21: =VLOOKUP(A21,'Return prepared data'!A:H,8,0) -> -0.016286074 | I21: Переменная X 1 | J21: 6378217 | K21: 18893619 | L21: 337585771 | M21: 139868 | N21: 2586935 | O21: 101694991 | P21: 2586935 | Q21: 101694991
A22: 45957 | B22: =VLOOKUP(A22,'Return prepared data'!A:L,6,0) -> -0.016386327 | C22: =VLOOKUP(A22,'Return prepared data'!A:H,8,0) -> 0.0071425521
A23: 45950 | B23: =VLOOKUP(A23,'Return prepared data'!A:L,6,0) -> 0.037608377 | C23: =VLOOKUP(A23,'Return prepared data'!A:H,8,0) -> 0.019159635
A24: 45943 | B24: =VLOOKUP(A24,'Return prepared data'!A:L,6,0) -> 0.062193518 | C24: =VLOOKUP(A24,'Return prepared data'!A:H,8,0) -> 0.01701638
A25: 45936 | B25: =VLOOKUP(A25,'Return prepared data'!A:L,6,0) -> -0.039407169 | C25: =VLOOKUP(A25,'Return prepared data'!A:H,8,0) -> -0.024312851
A26: 45929 | B26: =VLOOKUP(A26,'Return prepared data'!A:L,6,0) -> 0.013507219 | C26: =VLOOKUP(A26,'Return prepared data'!A:H,8,0) -> 0.010850881
A27: 45922 | B27: =VLOOKUP(A27,'Return prepared data'!A:L,6,0) -> -0.0032497679 | C27: =VLOOKUP(A27,'Return prepared data'!A:H,8,0) -> -0.0031000726
A28: 45915 | B28: =VLOOKUP(A28,'Return prepared data'!A:L,6,0) -> -0.020352473 | C28: =VLOOKUP(A28,'Return prepared data'!A:H,8,0) -> 0.012160764
A29: 45908 | B29: =VLOOKUP(A29,'Return prepared data'!A:L,6,0) -> -0.034365393 | C29: =VLOOKUP(A29,'Return prepared data'!A:H,8,0) -> 0.015858983
A30: 45901 | B30: =VLOOKUP(A30,'Return prepared data'!A:L,6,0) -> -0.029308324 | C30: =VLOOKUP(A30,'Return prepared data'!A:H,8,0) -> 0.0032877934
A31: 45894 | B31: =VLOOKUP(A31,'Return prepared data'!A:L,6,0) -> -0.032879819 | C31: =VLOOKUP(A31,'Return prepared data'!A:H,8,0) -> -0.0010283118
A32: 45887 | B32: =VLOOKUP(A32,'Return prepared data'!A:L,6,0) -> -0.026196929 | C32: =VLOOKUP(A32,'Return prepared data'!A:H,8,0) -> 0.0026527954
A33: 45880 | B33: =VLOOKUP(A33,'Return prepared data'!A:L,6,0) -> -0.022564505 | C33: =VLOOKUP(A33,'Return prepared data'!A:H,8,0) -> 0.0094452574
... A55: 45726 | B55: =VLOOKUP(A55,'Return prepared data'!A:L,6,0) | C55: =VLOOKUP(A55,'Return prepared data'!A:H,8,0)
